sample_index,class_id,seed,call_index,t,step,call_kind,selected_for_test,intervention_valid,invalid_reason,pis_lpips,pis_dino,pis_psnr,pis_ssim,suffix_denoiser_calls,elapsed_sec
0,0,0,0,0.0,0,predictor,True,False,no_previous_cache,,,,,0,
0,0,0,1,0.010101010091602802,0,corrector,True,True,,0.21497765183448792,0.14951986074447632,28.50106430053711,0.9172950983047485,98,3.7682104718405753
0,0,0,2,0.010101010091602802,1,predictor,True,True,,0.05761413276195526,0.15330100059509277,37.596946716308594,0.9811222553253174,96,3.6104760949965566
0,0,0,3,0.020408162847161293,1,corrector,True,True,,0.08986722677946091,0.22467541694641113,33.930606842041016,0.9686403274536133,96,3.733871145872399
0,0,0,4,0.020408162847161293,2,predictor,True,True,,0.020170513540506363,0.03658682107925415,42.94102478027344,0.993687629699707,94,3.661323910113424
0,0,0,5,0.030927835032343864,2,corrector,True,True,,0.037629205733537674,0.05199915170669556,37.66944885253906,0.9859890937805176,94,3.553841482149437
0,0,0,6,0.030927835032343864,3,predictor,True,True,,0.004239200614392757,0.002516508102416992,48.985023498535156,0.998609721660614,92,3.4734393041580915
0,0,0,7,0.0416666641831398,3,corrector,True,True,,0.007749596145004034,0.0168302059173584,42.61539840698242,0.9965285658836365,92,3.4971015790943056
0,0,0,8,0.0416666641831398,4,predictor,True,True,,0.000787434633821249,0.0014727115631103516,53.74176788330078,0.9997062087059021,90,3.4077304310631007
0,0,0,9,0.052631575614213943,4,corrector,True,True,,0.0017196035478264093,0.002711653709411621,49.41334533691406,0.9992990493774414,90,3.482947367010638
0,0,0,10,0.052631575614213943,5,predictor,True,True,,4.858645115746185e-05,8.33272933959961e-05,65.49405670166016,0.9999809265136719,88,3.3582774261012673
0,0,0,11,0.06382978707551956,5,corrector,True,True,,0.007429969497025013,0.010150253772735596,47.07723617553711,0.9979110956192017,88,3.3387799919582903
0,0,0,12,0.06382978707551956,6,predictor,True,True,,0.0005254428833723068,0.0006242990493774414,59.26517105102539,0.9998323321342468,86,3.2948578340001404
0,0,0,13,0.07526881992816925,6,corrector,True,True,,0.0092487633228302,0.015124320983886719,46.41120147705078,0.99748694896698,86,3.261682966025546
0,0,0,14,0.07526881992816925,7,predictor,True,True,,0.0009005342144519091,0.001119852066040039,56.94268798828125,0.9997197389602661,84,3.1882380028255284
0,0,0,15,0.08695651590824127,7,corrector,True,True,,0.003540583187714219,0.004507124423980713,50.065940856933594,0.9990354776382446,84,3.198485340923071
0,0,0,16,0.08695651590824127,8,predictor,True,True,,0.00031792346271686256,0.0004165172576904297,61.29297637939453,0.9999008178710938,82,3.1405887100845575
0,0,0,17,0.09890110045671463,8,corrector,True,True,,0.0005837506614625454,0.0006902217864990234,55.92534637451172,0.9998192191123962,82,3.12455931911245
0,0,0,18,0.09890110045671463,9,predictor,True,True,,3.1574094464303926e-05,4.1484832763671875e-05,70.73522186279297,0.9999906420707703,80,3.0430300009902567
0,0,0,19,0.1111111044883728,9,corrector,True,True,,0.00048134892131201923,0.0006754398345947266,56.886871337890625,0.9998151659965515,80,3.0780161949805915
0,0,0,20,0.1111111044883728,10,predictor,True,True,,5.360889190342277e-06,5.900859832763672e-06,76.9251708984375,0.9999983310699463,78,2.9724245010875165
0,0,0,21,0.12359550595283508,10,corrector,True,True,,0.00044771924149245024,0.0006482601165771484,57.732261657714844,0.9998229742050171,78,2.993570286082104
0,0,0,22,0.12359550595283508,11,predictor,True,True,,3.6459684906731127e-06,3.814697265625e-06,78.82598114013672,0.9999984502792358,76,2.9016871489584446
0,0,0,23,0.13636364042758942,11,corrector,True,True,,0.0003925802302546799,0.0005966424942016602,58.720787048339844,0.9998454451560974,76,2.900044141104445
0,0,0,24,0.13636364042758942,12,predictor,True,True,,3.3519477256049868e-06,4.172325134277344e-06,79.82008361816406,0.9999985694885254,74,2.824651779839769
0,0,0,25,0.14942528307437897,12,corrector,True,True,,0.0003909456427209079,0.0006173253059387207,59.04709243774414,0.9998480081558228,74,2.8289692159742117
0,0,0,26,0.14942528307437897,13,predictor,True,True,,3.824588020506781e-06,5.4836273193359375e-06,79.62801361083984,0.9999985098838806,72,2.7514575300738215
0,0,0,27,0.1627907007932663,13,corrector,True,True,,0.00042814266635105014,0.0006883144378662109,58.764923095703125,0.999833345413208,72,2.751923484960571
0,0,0,28,0.1627907007932663,14,predictor,True,True,,5.02803686686093e-06,7.331371307373047e-06,78.5412826538086,0.9999980926513672,70,2.677676491905004
0,0,0,29,0.1764705777168274,14,corrector,True,True,,0.0004042326472699642,0.000659942626953125,59.044193267822266,0.9998435974121094,70,2.6777751999907196
0,0,0,30,0.1764705777168274,15,predictor,True,True,,5.304164460540051e-06,7.987022399902344e-06,78.29781341552734,0.9999979734420776,68,2.6031623440794647
0,0,0,31,0.1904761791229248,15,corrector,True,True,,0.0002801375521812588,0.00046253204345703125,60.628746032714844,0.9998944997787476,68,2.6045110798440874
0,0,0,32,0.1904761791229248,16,predictor,True,True,,4.068293492309749e-06,6.318092346191406e-06,79.4095230102539,0.9999984502792358,66,2.5292114631738514
0,0,0,33,0.20481927692890167,16,corrector,True,True,,0.00018348013691138476,0.0003044009208679199,62.41815185546875,0.9999325275421143,66,2.528749539051205
0,0,0,34,0.20481927692890167,17,predictor,True,True,,2.77836988971103e-06,4.351139068603516e-06,81.09335327148438,0.9999990463256836,64,2.454347528051585
0,0,0,35,0.2195121943950653,17,corrector,True,True,,0.00011337222531437874,0.00019234418869018555,64.4449691772461,0.9999596476554871,64,2.4535549010615796
0,0,0,36,0.2195121943950653,18,predictor,True,True,,1.6161163785000099e-06,2.562999725341797e-06,83.45742797851562,0.9999994039535522,62,2.379097851924598
0,0,0,37,0.23456789553165436,18,corrector,True,True,,6.427147309295833e-05,0.00011289119720458984,66.72154235839844,0.9999784231185913,62,2.3799934149719775
0,0,0,38,0.23456789553165436,19,predictor,True,True,,9.025615099744755e-07,1.4901161193847656e-06,85.88998413085938,0.9999996423721313,60,2.3052518640179187
0,0,0,39,0.2499999850988388,19,corrector,True,True,,3.933370317099616e-05,6.842613220214844e-05,68.58368682861328,0.9999874830245972,60,2.3720103399828076
0,0,0,40,0.2499999850988388,20,predictor,True,True,,6.221605417522369e-07,9.5367431640625e-07,87.36697387695312,0.9999995231628418,58,2.2430506909731776
0,0,0,41,0.26582276821136475,20,corrector,True,True,,2.6929614250548184e-05,4.38690185546875e-05,69.9430160522461,0.999991774559021,58,2.226991606876254
0,0,0,42,0.26582276821136475,21,predictor,True,True,,5.246239425105159e-07,7.748603820800781e-07,88.02244567871094,0.9999998807907104,56,2.1523324369918555
0,0,0,43,0.28205129504203796,21,corrector,True,True,,2.369888170505874e-05,3.4868717193603516e-05,70.4825439453125,0.9999933242797852,56,2.154376743827015
0,0,0,44,0.28205129504203796,22,predictor,True,True,,5.373798330765567e-07,8.344650268554688e-07,88.02535247802734,0.9999997615814209,54,2.0763541529886425
0,0,0,45,0.29870128631591797,22,corrector,True,True,,6.522399780806154e-05,6.54458999633789e-05,66.52967834472656,0.9999796748161316,54,2.075918837916106
0,0,0,46,0.29870128631591797,23,predictor,True,True,,1.5636246644135099e-06,1.9073486328125e-06,83.43304443359375,0.9999995231628418,52,2.0016842940822244
0,0,0,47,0.31578946113586426,23,corrector,True,True,,1.459620580135379e-05,1.621246337890625e-05,72.04812622070312,0.9999958276748657,52,2.0005515429656953
0,0,0,48,0.31578946113586426,24,predictor,True,True,,4.854809958487749e-07,6.556510925292969e-07,88.50015258789062,0.9999997615814209,50,1.9249005359597504
0,0,0,49,0.3333333432674408,24,corrector,True,True,,1.0128835128853098e-05,9.59634780883789e-06,73.71334838867188,0.9999972581863403,50,1.9256860530003905
0,0,0,50,0.3333333432674408,25,predictor,True,True,,1.695186568895224e-07,1.1920928955078125e-07,92.883056640625,1.0,48,1.8501157788559794
0,0,0,51,0.35135138034820557,25,corrector,True,True,,8.614967555331532e-06,6.318092346191406e-06,74.42125701904297,0.9999977350234985,48,1.8481755559332669
0,0,0,52,0.35135138034820557,26,predictor,True,True,,7.169546734075993e-08,0.0,96.06231689453125,0.9999999403953552,46,1.773941261926666
0,0,0,53,0.36986303329467773,26,corrector,True,True,,7.509081569878617e-06,4.589557647705078e-06,74.89403533935547,0.9999980926513672,46,1.7733190259896219
0,0,0,54,0.36986303329467773,27,predictor,True,True,,4.986058854683506e-08,0.0,97.1244888305664,1.0,44,1.698238312965259
0,0,0,55,0.3888888657093048,27,corrector,True,True,,6.635426871071104e-06,3.814697265625e-06,75.30265045166016,0.9999980926513672,44,1.6962861081119627
0,0,0,56,0.3888888657093048,28,predictor,True,True,,4.320882140973481e-08,0.0,97.45375061035156,0.9999999403953552,42,1.6210015411488712
0,0,0,57,0.40845075249671936,28,corrector,True,True,,5.72762201045407e-06,3.2782554626464844e-06,75.75238800048828,0.9999980926513672,42,1.6196431089192629
0,0,0,58,0.40845075249671936,29,predictor,True,True,,3.993481811903621e-08,5.960464477539063e-08,97.58136749267578,1.0,40,1.5453499988652766
0,0,0,59,0.4285714626312256,29,corrector,True,True,,4.929858732793946e-06,2.86102294921875e-06,76.1954345703125,0.9999982714653015,40,1.5429817349649966
0,0,0,60,0.4285714626312256,30,predictor,True,True,,3.793957503717138e-08,5.960464477539063e-08,97.72048950195312,0.9999999403953552,38,1.4671327751129866
0,0,0,61,0.4492753744125366,30,corrector,True,True,,4.473871740628965e-06,2.6226043701171875e-06,76.57813262939453,0.9999982714653015,38,1.4692102349363267
0,0,0,62,0.4492753744125366,31,predictor,True,True,,3.5700146838735236e-08,1.1920928955078125e-07,98.09019470214844,1.0,36,1.3916694389190525
0,0,0,63,0.4705882966518402,31,corrector,True,True,,4.465358870220371e-06,2.682209014892578e-06,76.83088684082031,0.9999982714653015,36,1.3901657750830054
0,0,0,64,0.4705882966518402,32,predictor,True,True,,3.5975514123265384e-08,-1.1920928955078125e-07,98.45295715332031,1.0,34,1.3161479169502854
0,0,0,65,0.49253737926483154,32,corrector,True,True,,4.811323833564529e-06,2.86102294921875e-06,76.89952087402344,0.9999980330467224,34,1.3155234740115702
0,0,0,66,0.49253737926483154,33,predictor,True,True,,4.016299470777085e-08,0.0,98.47587585449219,1.0,32,1.2403774838894606
0,0,0,67,0.5151515603065491,33,corrector,True,True,,5.2367836360645015e-06,3.159046173095703e-06,76.8596420288086,0.9999977350234985,32,1.2700864479411393
0,0,0,68,0.5151515603065491,34,predictor,True,True,,4.399601394311503e-08,0.0,98.34562683105469,1.0,30,1.1609513279981911
0,0,0,69,0.5384615659713745,34,corrector,True,True,,5.609925210592337e-06,3.2186508178710938e-06,76.79063415527344,0.9999974966049194,30,1.1619867000263184
0,0,0,70,0.5384615659713745,35,predictor,True,True,,4.591708702150754e-08,-1.1920928955078125e-07,98.21873474121094,0.9999999403953552,28,1.0845427578315139
0,0,0,71,0.5625000596046448,35,corrector,True,True,,6.021175977366511e-06,3.2782554626464844e-06,76.6907730102539,0.9999973177909851,28,1.0863266810774803
0,0,0,72,0.5625000596046448,36,predictor,True,True,,4.954612720098339e-08,0.0,97.97785949707031,1.0,26,1.0071521499194205
0,0,0,73,0.5873016119003296,36,corrector,True,True,,6.569281595147913e-06,3.2186508178710938e-06,76.53936767578125,0.9999971389770508,26,1.0089126841630787
0,0,0,74,0.5873016119003296,37,predictor,True,True,,5.726753471435586e-08,5.960464477539063e-08,97.6015625,1.0,24,0.9320796551182866
0,0,0,75,0.6129032373428345,37,corrector,True,True,,7.487677066819742e-06,3.337860107421875e-06,76.28092193603516,0.9999968409538269,24,0.9329307919833809
0,0,0,76,0.6129032373428345,38,predictor,True,True,,7.229381537854351e-08,0.0,97.03562927246094,1.0,22,0.8749647890217602
0,0,0,77,0.6393442749977112,38,corrector,True,True,,8.947495189204346e-06,3.4570693969726562e-06,75.89115142822266,0.9999963045120239,22,0.8563921698369086
0,0,0,78,0.6393442749977112,39,predictor,True,True,,9.605325601569348e-08,0.0,96.25642395019531,0.9999999403953552,20,0.780099713942036
0,0,0,79,0.6666666269302368,39,corrector,True,True,,1.0761048542917706e-05,3.814697265625e-06,75.43428039550781,0.9999957084655762,20,0.7794961668550968
0,0,0,80,0.6666666269302368,40,predictor,True,True,,1.245192891019542e-07,0.0,95.37242889404297,0.9999998807907104,18,0.7029317361302674
0,0,0,81,0.6949153542518616,40,corrector,True,True,,1.272615190828219e-05,4.5299530029296875e-06,74.94845581054688,0.9999947547912598,18,0.7022827400360256
0,0,0,82,0.6949153542518616,41,predictor,True,True,,1.6167822991519643e-07,0.0,94.35205078125,0.9999998807907104,16,0.6262701328378171
0,0,0,83,0.7241379618644714,41,corrector,True,True,,1.5885070752119645e-05,5.4836273193359375e-06,74.31421661376953,0.9999933242797852,16,0.6253094510175288
0,0,0,84,0.7241379618644714,42,predictor,True,True,,2.3529889858764363e-07,5.960464477539063e-08,93.018798828125,0.9999997615814209,14,0.5483805590774864
0,0,0,85,0.7543860077857971,42,corrector,True,True,,2.075229349429719e-05,7.033348083496094e-06,73.52666473388672,0.9999915361404419,14,0.5495181221049279
0,0,0,86,0.7543860077857971,43,predictor,True,True,,3.67167359627274e-07,1.1920928955078125e-07,91.45304870605469,0.9999997615814209,12,0.4725960709620267
0,0,0,87,0.7857142686843872,43,corrector,True,True,,2.7430651243776083e-05,9.775161743164062e-06,72.64656829833984,0.9999891519546509,12,0.473891309928149
0,0,0,88,0.7857142686843872,44,predictor,True,True,,6.05038280809822e-07,2.384185791015625e-07,89.71110534667969,0.9999997019767761,10,0.396784630138427
0,0,0,89,0.8181819319725037,44,corrector,True,True,,3.76079224224668e-05,1.4901161193847656e-05,71.65065002441406,0.99998539686203,10,0.3964727488346398
0,0,0,90,0.8181819319725037,45,predictor,True,True,,1.0790477062982973e-06,4.76837158203125e-07,87.69581604003906,0.9999997019767761,8,0.3198778841178864
0,0,0,91,0.8518519401550293,45,corrector,True,True,,5.5211206927197054e-05,2.4318695068359375e-05,70.38385009765625,0.9999793767929077,8,0.3194348888937384
0,0,0,92,0.8518519401550293,46,predictor,True,True,,2.211168066423852e-06,9.5367431640625e-07,85.13095092773438,0.9999990463256836,6,0.24283284600824118
0,0,0,93,0.8867924809455872,46,corrector,True,True,,8.441559475613758e-05,3.808736801147461e-05,68.5740966796875,0.9999691843986511,6,0.2439025160856545
0,0,0,94,0.8867924809455872,47,predictor,True,True,,5.0755415941239335e-06,2.3245811462402344e-06,81.72073364257812,0.9999982714653015,4,0.1663307100534439
0,0,0,95,0.9230769872665405,47,corrector,True,True,,0.00013386948558036238,6.103515625e-05,65.33141326904297,0.9999462962150574,4,0.16548787499777973
0,0,0,96,0.9230769872665405,48,predictor,True,True,,1.3704042430617847e-05,6.258487701416016e-06,76.28719329833984,0.9999951124191284,2,0.09039379702880979
0,0,0,97,0.960784375667572,48,corrector,True,True,,0.00017512336489744484,8.803606033325195e-05,59.765663146972656,0.9998712539672852,2,0.08925755089148879
0,0,0,98,0.960784375667572,49,predictor,True,True,,0.0002666628279257566,8.630752563476562e-05,58.214561462402344,0.9998125433921814,0,0.013857023091986775
1,1,1,0,0.0,0,predictor,True,False,no_previous_cache,,,,,0,
1,1,1,1,0.010101010091602802,0,corrector,True,True,,0.0018484867177903652,0.0008425712585449219,43.850196838378906,0.9991890788078308,98,3.8399750380776823
1,1,1,2,0.010101010091602802,1,predictor,True,True,,2.027809932769742e-05,8.64267349243164e-06,64.67274475097656,0.9999912977218628,96,3.7499950830824673
1,1,1,3,0.020408162847161293,1,corrector,True,True,,0.0016544698737561703,0.0008052587509155273,43.958045959472656,0.9992551803588867,96,3.6938394389580935
1,1,1,4,0.020408162847161293,2,predictor,True,True,,3.870621003443375e-05,1.633167266845703e-05,61.10566711425781,0.9999839663505554,94,3.6171465578954667
1,1,1,5,0.030927835032343864,2,corrector,True,True,,0.0011330759152770042,0.0006204843521118164,45.6562385559082,0.9994862079620361,94,3.616823645075783
1,1,1,6,0.030927835032343864,3,predictor,True,True,,3.8153008063090965e-05,1.633167266845703e-05,61.22578430175781,0.9999842643737793,92,3.5459925818722695
1,1,1,7,0.0416666641831398,3,corrector,True,True,,0.0006512945401482284,0.0003896951675415039,49.04701614379883,0.9997189044952393,92,3.546172183007002
1,1,1,8,0.0416666641831398,4,predictor,True,True,,2.198448964918498e-05,1.0013580322265625e-05,65.08485412597656,0.9999911785125732,90,3.4645145589020103
1,1,1,9,0.052631575614213943,4,corrector,True,True,,0.00040075567085295916,0.0002352595329284668,52.26676940917969,0.9998373985290527,90,3.5148631329648197
1,1,1,10,0.052631575614213943,5,predictor,True,True,,1.2952226825291291e-05,5.781650543212891e-06,68.77266693115234,0.9999951720237732,88,3.3896671349648386
1,1,1,11,0.06382978707551956,5,corrector,True,True,,0.00020682817557826638,0.00011944770812988281,55.21830749511719,0.9999155402183533,88,3.5145451528951526
1,1,1,12,0.06382978707551956,6,predictor,True,True,,4.906552021566313e-06,2.205371856689453e-06,73.1525650024414,0.9999984502792358,86,3.312366930069402
1,1,1,13,0.07526881992816925,6,corrector,True,True,,0.00010463270882610232,6.54458999633789e-05,57.51044464111328,0.9999532699584961,86,3.333229990210384
1,1,1,14,0.07526881992816925,7,predictor,True,True,,1.4506682646242552e-06,8.344650268554688e-07,77.18750762939453,0.999998927116394,84,3.250496562803164
1,1,1,15,0.08695651590824127,7,corrector,True,True,,7.610742613906041e-05,4.9114227294921875e-05,58.477012634277344,0.9999620318412781,84,3.265223073074594
1,1,1,16,0.08695651590824127,8,predictor,True,True,,1.1413685570005327e-06,7.748603820800781e-07,77.30952453613281,0.999999463558197,82,3.15971163706854
1,1,1,17,0.09890110045671463,8,corrector,True,True,,7.189283496700227e-05,4.225969314575195e-05,58.62480926513672,0.9999615550041199,82,3.161310770083219
1,1,1,18,0.09890110045671463,9,predictor,True,True,,1.5670843822590541e-06,7.152557373046875e-07,76.08440399169922,0.9999992847442627,80,3.0832896439824253
1,1,1,19,0.1111111044883728,9,corrector,True,True,,6.421709986170754e-05,3.3736228942871094e-05,58.95692825317383,0.9999622702598572,80,3.1152299290988594
1,1,1,20,0.1111111044883728,10,predictor,True,True,,1.5962659745127894e-06,7.748603820800781e-07,76.03031921386719,0.9999992847442627,78,3.0062705620657653
1,1,1,21,0.12359550595283508,10,corrector,True,True,,4.928107591695152e-05,2.5033950805664062e-05,60.009918212890625,0.9999686479568481,78,3.008112675976008
1,1,1,22,0.12359550595283508,11,predictor,True,True,,1.160370061370486e-06,5.364418029785156e-07,77.6450424194336,0.9999992847442627,76,2.928847501054406
1,1,1,23,0.13636364042758942,11,corrector,True,True,,3.3922373404493555e-05,1.7404556274414062e-05,61.87980651855469,0.9999784827232361,76,2.9357299429830164
1,1,1,24,0.13636364042758942,12,predictor,True,True,,7.040226250865089e-07,3.5762786865234375e-07,80.2657470703125,0.9999995231628418,74,2.855562826152891
1,1,1,25,0.14942528307437897,12,corrector,True,True,,2.4229444534284994e-05,1.1086463928222656e-05,63.88336944580078,0.9999858736991882,74,2.85664002597332
1,1,1,26,0.14942528307437897,13,predictor,True,True,,3.66928645689768e-07,1.1920928955078125e-07,83.32752227783203,0.9999994039535522,72,2.793807904003188
1,1,1,27,0.1627907007932663,13,corrector,True,True,,1.5904439351288602e-05,6.020069122314453e-06,66.12506866455078,0.9999915361404419,72,2.7884572478942573
1,1,1,28,0.1627907007932663,14,predictor,True,True,,1.5926855212455848e-07,5.960464477539063e-08,86.93191528320312,0.9999997615814209,70,2.701652239076793
1,1,1,29,0.1764705777168274,14,corrector,True,True,,1.1809101124526933e-05,3.7550926208496094e-06,67.95462036132812,0.9999939799308777,70,2.700288281077519
1,1,1,30,0.1764705777168274,15,predictor,True,True,,8.616935787131297e-08,5.960464477539063e-08,89.79718017578125,0.9999997615814209,68,2.623959762044251
1,1,1,31,0.1904761791229248,15,corrector,True,True,,9.844667147262953e-06,2.9206275939941406e-06,69.28888702392578,0.9999951124191284,68,2.6239185561425984
1,1,1,32,0.1904761791229248,16,predictor,True,True,,5.916634648883701e-08,0.0,91.79935455322266,0.9999998807907104,66,2.5485202400013804
1,1,1,33,0.20481927692890167,16,corrector,True,True,,8.614072612544987e-06,2.384185791015625e-06,70.30110931396484,0.9999958872795105,66,2.5460710839834064
1,1,1,34,0.20481927692890167,17,predictor,True,True,,4.688264709784562e-08,0.0,93.1784896850586,1.000000238418579,64,2.4738478688523173
1,1,1,35,0.2195121943950653,17,corrector,True,True,,7.867900421842933e-06,1.9073486328125e-06,71.09578704833984,0.9999963641166687,64,2.472786422818899
1,1,1,36,0.2195121943950653,18,predictor,True,True,,4.0571705994807417e-08,0.0,94.17987823486328,0.9999998807907104,62,2.4062453829683363
1,1,1,37,0.23456789553165436,18,corrector,True,True,,7.446048584824894e-06,1.6689300537109375e-06,71.74403381347656,0.999996542930603,62,2.3966790928971022
1,1,1,38,0.23456789553165436,19,predictor,True,True,,3.7152396714645874e-08,5.960464477539063e-08,94.94746398925781,0.9999997019767761,60,2.3162644430994987
1,1,1,39,0.2499999850988388,19,corrector,True,True,,7.203671884781215e-06,1.5497207641601562e-06,72.26933288574219,0.9999968409538269,60,2.336954738944769
1,1,1,40,0.2499999850988388,20,predictor,True,True,,3.546918136976274e-08,0.0,95.52995300292969,1.0,58,2.2995929531753063
1,1,1,41,0.26582276821136475,20,corrector,True,True,,7.044397079880582e-06,1.5497207641601562e-06,72.66473388671875,0.9999972581863403,58,2.2497192570008337
1,1,1,42,0.26582276821136475,21,predictor,True,True,,3.481400767668674e-08,0.0,95.93453979492188,0.9999998807907104,56,2.164463815977797
1,1,1,43,0.28205129504203796,21,corrector,True,True,,7.073227607179433e-06,1.430511474609375e-06,73.00989532470703,0.9999972581863403,56,2.166044346988201
1,1,1,44,0.28205129504203796,22,predictor,True,True,,3.4222047418097645e-08,5.960464477539063e-08,96.36882781982422,0.9999997019767761,54,2.0891741688828915
1,1,1,45,0.29870128631591797,22,corrector,True,True,,3.20120198011864e-05,6.67572021484375e-06,67.89395141601562,0.9999865293502808,54,2.089730402920395
1,1,1,46,0.29870128631591797,23,predictor,True,True,,1.1920965903300385e-07,0.0,92.41497802734375,0.9999997615814209,52,2.0191728321369737
1,1,1,47,0.31578946113586426,23,corrector,True,True,,2.104838495142758e-05,3.814697265625e-06,69.25056457519531,0.9999908208847046,52,2.012944957939908
1,1,1,48,0.31578946113586426,24,predictor,True,True,,9.927781263741053e-08,1.1920928955078125e-07,92.98107147216797,0.9999998807907104,50,1.9360624789260328
1,1,1,49,0.3333333432674408,24,corrector,True,True,,7.711304533586372e-06,1.430511474609375e-06,73.62165069580078,0.9999966621398926,50,1.9356524250470102
1,1,1,50,0.3333333432674408,25,predictor,True,True,,4.5114511237898114e-08,-1.1920928955078125e-07,96.49819946289062,1.000000238418579,48,1.859082608949393
1,1,1,51,0.35135138034820557,25,corrector,True,True,,7.371748779405607e-06,1.3113021850585938e-06,73.92156219482422,0.9999968409538269,48,1.8582946839742362
1,1,1,52,0.35135138034820557,26,predictor,True,True,,4.473197279253327e-08,0.0,96.68708801269531,0.9999999403953552,46,1.779611255042255
1,1,1,53,0.36986303329467773,26,corrector,True,True,,7.284804723894922e-06,1.3113021850585938e-06,74.12538146972656,0.9999967813491821,46,1.7809227029792964
1,1,1,54,0.36986303329467773,27,predictor,True,True,,4.5251937308421475e-08,0.0,96.81649017333984,1.000000238418579,44,1.7014253081288189
1,1,1,55,0.3888888657093048,27,corrector,True,True,,7.253346666402649e-06,1.1920928955078125e-06,74.31388854980469,0.999997079372406,44,1.703355659963563
1,1,1,56,0.3888888657093048,28,predictor,True,True,,4.58957103433022e-08,-1.1920928955078125e-07,96.93978881835938,0.9999997019767761,42,1.6278886019717902
1,1,1,57,0.40845075249671936,28,corrector,True,True,,7.241650109790498e-06,1.0728836059570312e-06,74.49209594726562,0.9999969005584717,42,1.6266275309026241
1,1,1,58,0.40845075249671936,29,predictor,True,True,,4.6717037349708335e-08,0.0,97.03939819335938,0.9999997019767761,40,1.5806066989898682
1,1,1,59,0.4285714626312256,29,corrector,True,True,,7.238650596264051e-06,1.1324882507324219e-06,74.65242004394531,0.9999970197677612,40,1.551453273044899
1,1,1,60,0.4285714626312256,30,predictor,True,True,,4.7889386678434676e-08,0.0,97.09849548339844,0.9999997019767761,38,1.4761711379978806
1,1,1,61,0.4492753744125366,30,corrector,True,True,,7.242805622809101e-06,1.0728836059570312e-06,74.7811050415039,0.999997079372406,38,1.473611355992034
1,1,1,62,0.4492753744125366,31,predictor,True,True,,4.972266154368299e-08,0.0,97.08538818359375,0.9999997019767761,36,1.3968276740051806
1,1,1,63,0.4705882966518402,31,corrector,True,True,,7.2604389060870744e-06,1.1324882507324219e-06,74.86924743652344,0.9999972581863403,36,1.3973730930592865
1,1,1,64,0.4705882966518402,32,predictor,True,True,,5.21689784704904e-08,0.0,96.99560546875,0.9999998807907104,34,1.3191850511357188
1,1,1,65,0.49253737926483154,32,corrector,True,True,,7.260093298100401e-06,1.1920928955078125e-06,74.93266296386719,0.999997079372406,34,1.3198351198807359
1,1,1,66,0.49253737926483154,33,predictor,True,True,,5.43922595852564e-08,0.0,96.89486694335938,0.9999998807907104,32,1.2559656337834895
1,1,1,67,0.5151515603065491,33,corrector,True,True,,7.2145776357501745e-06,1.0728836059570312e-06,74.99034118652344,0.9999971389770508,32,1.2479451361577958
1,1,1,68,0.5151515603065491,34,predictor,True,True,,5.5476888860539475e-08,0.0,96.83412170410156,1.0,30,1.1668294060509652
1,1,1,69,0.5384615659713745,34,corrector,True,True,,7.1671265686745755e-06,1.0728836059570312e-06,75.02593231201172,0.999997079372406,30,1.167136593023315
1,1,1,70,0.5384615659713745,35,predictor,True,True,,5.5885323035909096e-08,0.0,96.77348327636719,0.9999998807907104,28,1.0897955789696425
1,1,1,71,0.5625000596046448,35,corrector,True,True,,7.242300398502266e-06,1.1324882507324219e-06,74.99089050292969,0.9999969005584717,28,1.0899460879154503
1,1,1,72,0.5625000596046448,36,predictor,True,True,,5.761943810966841e-08,-1.1920928955078125e-07,96.59371948242188,0.9999997019767761,26,1.0123268589377403
1,1,1,73,0.5873016119003296,36,corrector,True,True,,7.581505997222848e-06,1.0728836059570312e-06,74.83784484863281,0.999996542930603,26,1.011922427918762
1,1,1,74,0.5873016119003296,37,predictor,True,True,,6.26600211717232e-08,0.0,96.19766235351562,0.9999997019767761,24,0.935386162949726
1,1,1,75,0.6129032373428345,37,corrector,True,True,,8.334982339874841e-06,1.1324882507324219e-06,74.53572845458984,0.999996542930603,24,0.9359969110228121
1,1,1,76,0.6129032373428345,38,predictor,True,True,,7.373441945901504e-08,5.960464477539063e-08,95.52545166015625,0.9999998807907104,22,0.8580930118914694
1,1,1,77,0.6393442749977112,38,corrector,True,True,,9.679684808361344e-06,1.3709068298339844e-06,74.07951354980469,0.9999958276748657,22,0.8575451471842825
1,1,1,78,0.6393442749977112,39,predictor,True,True,,9.485400198627758e-08,0.0,94.57691192626953,1.0,20,0.7995942740235478
1,1,1,79,0.6666666269302368,39,corrector,True,True,,1.178939601231832e-05,1.6093254089355469e-06,73.49491119384766,0.9999949336051941,20,0.7829987991135567
1,1,1,80,0.6666666269302368,40,predictor,True,True,,1.3221395533946634e-07,0.0,93.40031433105469,1.000000238418579,18,0.7046648361720145
1,1,1,81,0.6949153542518616,40,corrector,True,True,,1.4756830751139205e-05,2.205371856689453e-06,72.83228302001953,0.9999939203262329,18,0.7029029631521553
1,1,1,82,0.6949153542518616,41,predictor,True,True,,1.9430372333317791e-07,0.0,92.06239318847656,1.0000001192092896,16,0.6268695460166782
1,1,1,83,0.7241379618644714,41,corrector,True,True,,1.852285276982002e-05,2.86102294921875e-06,72.14054107666016,0.9999925494194031,16,0.6270499888341874
1,1,1,84,0.7241379618644714,42,predictor,True,True,,2.905694884702825e-07,0.0,90.62602233886719,0.9999998807907104,14,0.5504665249027312
1,1,1,85,0.7543860077857971,42,corrector,True,True,,2.3218064598040655e-05,3.814697265625e-06,71.41154479980469,0.9999903440475464,14,0.5509142410010099
1,1,1,86,0.7543860077857971,43,predictor,True,True,,4.4296467649473925e-07,1.1920928955078125e-07,89.06535339355469,1.0,12,0.4757115328684449
1,1,1,87,0.7857142686843872,43,corrector,True,True,,2.980809222208336e-05,5.245208740234375e-06,70.57323455810547,0.9999873042106628,12,0.4734926740638912
1,1,1,88,0.7857142686843872,44,predictor,True,True,,7.178507530625211e-07,1.1920928955078125e-07,87.24951171875,0.999999463558197,10,0.3974519099574536
1,1,1,89,0.8181819319725037,44,corrector,True,True,,3.930633465643041e-05,7.212162017822266e-06,69.57510375976562,0.999983012676239,10,0.3972032458987087
1,1,1,90,0.8181819319725037,45,predictor,True,True,,1.2064934935551719e-06,2.384185791015625e-07,85.14839935302734,0.9999990463256836,8,0.3198581060860306
1,1,1,91,0.8518519401550293,45,corrector,True,True,,5.189294824958779e-05,9.655952453613281e-06,68.40531921386719,0.9999769926071167,8,0.3204498861450702
1,1,1,92,0.8518519401550293,46,predictor,True,True,,2.0351685634523164e-06,3.5762786865234375e-07,82.77494812011719,0.9999990463256836,6,0.2443052490707487
1,1,1,93,0.8867924809455872,46,corrector,True,True,,7.230516348499805e-05,1.3589859008789062e-05,66.83900451660156,0.9999661445617676,6,0.2450401249807328
1,1,1,94,0.8867924809455872,47,predictor,True,True,,3.997875410277629e-06,8.940696716308594e-07,79.72106170654297,0.9999982714653015,4,0.16716027003712952
1,1,1,95,0.9230769872665405,47,corrector,True,True,,0.00011087949678767473,2.4318695068359375e-05,64.10382843017578,0.9999431371688843,4,0.1654836400412023
1,1,1,96,0.9230769872665405,48,predictor,True,True,,1.0613489394017961e-05,2.5033950805664062e-06,74.77904510498047,0.9999947547912598,2,0.09060553298331797
1,1,1,97,0.960784375667572,48,corrector,True,True,,0.0001818765013013035,8.153915405273438e-05,58.916038513183594,0.9998504519462585,2,0.08962712390348315
1,1,1,98,0.960784375667572,49,predictor,True,True,,0.00019260431872680783,4.857778549194336e-05,61.02790832519531,0.9999140501022339,0,0.013997453032061458
2,2,2,0,0.0,0,predictor,True,False,no_previous_cache,,,,,0,
2,2,2,1,0.010101010091602802,0,corrector,True,True,,0.007522427476942539,0.0025670528411865234,37.8188591003418,0.9965337514877319,98,3.8139286059886217
2,2,2,2,0.010101010091602802,1,predictor,True,True,,0.0002191650273744017,6.35385513305664e-05,50.74930191040039,0.9998587369918823,96,3.700665928889066
2,2,2,3,0.020408162847161293,1,corrector,True,True,,0.010409470647573471,0.0046225786209106445,40.287662506103516,0.9968129992485046,96,3.700865959050134
2,2,2,4,0.020408162847161293,2,predictor,True,True,,0.0007222102722153068,0.00026237964630126953,54.52827072143555,0.9998413920402527,94,3.626548361033201
2,2,2,5,0.030927835032343864,2,corrector,True,True,,0.010699855163693428,0.004390835762023926,41.77227783203125,0.9972059726715088,94,3.6235811640508473
2,2,2,6,0.030927835032343864,3,predictor,True,True,,0.0011491518234834075,0.00039833784103393555,54.28376770019531,0.99976646900177,92,3.554570442996919
2,2,2,7,0.0416666641831398,3,corrector,True,True,,0.007669951766729355,0.0026076436042785645,44.272911071777344,0.9981841444969177,92,3.5498611819930375
2,2,2,8,0.0416666641831398,4,predictor,True,True,,0.00035943149123340845,0.00013327598571777344,59.221923828125,0.9999260902404785,90,3.4703509190585464
2,2,2,9,0.052631575614213943,4,corrector,True,True,,0.0008621301967650652,0.00028836727142333984,52.09599304199219,0.9997814893722534,90,3.4715234369505197
2,2,2,10,0.052631575614213943,5,predictor,True,True,,1.4640965673606843e-05,5.125999450683594e-06,70.04584503173828,0.999996542930603,88,3.397674662992358
2,2,2,11,0.06382978707551956,5,corrector,True,True,,9.399593545822427e-05,3.5881996154785156e-05,57.79934310913086,0.9999598264694214,88,3.395720419008285
2,2,2,12,0.06382978707551956,6,predictor,True,True,,1.0828099448190187e-06,4.172325134277344e-07,77.44465637207031,0.9999997019767761,86,3.350456408923492
2,2,2,13,0.07526881992816925,6,corrector,True,True,,4.508271376835182e-05,1.3470649719238281e-05,61.384395599365234,0.9999815821647644,86,3.315343508962542
2,2,2,14,0.07526881992816925,7,predictor,True,True,,2.6749796688818606e-06,1.3113021850585938e-06,79.25399017333984,0.9999994039535522,84,3.240385205950588
2,2,2,15,0.08695651590824127,7,corrector,True,True,,0.00020583928562700748,0.00010311603546142578,60.46318435668945,0.9999508857727051,84,3.2392984761390835
2,2,2,16,0.08695651590824127,8,predictor,True,True,,1.4457065844908357e-05,7.510185241699219e-06,74.06993865966797,0.9999973773956299,82,3.162347371922806
2,2,2,17,0.09890110045671463,8,corrector,True,True,,0.000713928893674165,0.00031441450119018555,56.69382095336914,0.9998472929000854,82,3.164151213830337
2,2,2,18,0.09890110045671463,9,predictor,True,True,,2.5215627829311416e-05,1.3232231140136719e-05,71.82463073730469,0.999995231628418,80,3.088978135958314
2,2,2,19,0.1111111044883728,9,corrector,True,True,,0.0002908777096308768,0.00015109777450561523,60.235172271728516,0.9999350905418396,80,3.0856216370593756
2,2,2,20,0.1111111044883728,10,predictor,True,True,,4.230732884025201e-06,2.4437904357910156e-06,79.26344299316406,0.9999994039535522,78,3.0462371460162103
2,2,2,21,0.12359550595283508,10,corrector,True,True,,2.0744533685501665e-05,1.609325408935547e-05,67.48826599121094,0.9999927878379822,78,3.011185798095539
2,2,2,22,0.12359550595283508,11,predictor,True,True,,1.235885065398179e-07,1.1920928955078125e-07,89.63072204589844,0.9999998807907104,76,2.931238539982587
2,2,2,23,0.13636364042758942,11,corrector,True,True,,1.2553337001008913e-05,6.318092346191406e-06,69.2157974243164,0.9999955892562866,76,2.929827345069498
2,2,2,24,0.13636364042758942,12,predictor,True,True,,1.8230510079320084e-07,1.1920928955078125e-07,89.91695404052734,1.000000238418579,74,2.8542421301826835
2,2,2,25,0.14942528307437897,12,corrector,True,True,,1.59083883772837e-05,7.748603820800781e-06,69.85003662109375,0.9999951124191284,74,2.8564139038790017
2,2,2,26,0.14942528307437897,13,predictor,True,True,,2.5847808160506247e-07,1.1920928955078125e-07,89.793212890625,0.9999997019767761,72,2.778043475933373
2,2,2,27,0.1627907007932663,13,corrector,True,True,,1.3743205272476189e-05,6.556510925292969e-06,70.86849975585938,0.9999959468841553,72,2.7782873241230845
2,2,2,28,0.1627907007932663,14,predictor,True,True,,2.3467511311991984e-07,1.7881393432617188e-07,90.57929992675781,0.9999998807907104,70,2.707445885054767
2,2,2,29,0.1764705777168274,14,corrector,True,True,,1.030918792821467e-05,4.589557647705078e-06,72.05839538574219,0.9999966025352478,70,2.7065504579804838
2,2,2,30,0.1764705777168274,15,predictor,True,True,,1.8324149664294964e-07,5.960464477539063e-08,91.77936553955078,0.9999998807907104,68,2.6274280501529574
2,2,2,31,0.1904761791229248,15,corrector,True,True,,7.233019459818024e-06,3.039836883544922e-06,73.3262939453125,0.9999974966049194,68,2.6219786319416016
2,2,2,32,0.1904761791229248,16,predictor,True,True,,1.268057303605019e-07,1.1920928955078125e-07,93.3785400390625,1.0,66,2.5971313090994954
2,2,2,33,0.20481927692890167,16,corrector,True,True,,4.642186922865221e-06,1.8477439880371094e-06,74.61482238769531,0.9999982714653015,66,2.5757085219956934
2,2,2,34,0.20481927692890167,17,predictor,True,True,,7.207727037439327e-08,1.1920928955078125e-07,95.49774169921875,1.000000238418579,64,2.494214499136433
2,2,2,35,0.2195121943950653,17,corrector,True,True,,2.8729311907227384e-06,1.1324882507324219e-06,75.52403259277344,0.9999988079071045,64,2.4721105680800974
2,2,2,36,0.2195121943950653,18,predictor,True,True,,2.8968196730261297e-08,0.0,97.7635269165039,1.0000003576278687,62,2.395735122030601
2,2,2,37,0.23456789553165436,18,corrector,True,True,,3.0143512503855163e-06,1.3113021850585938e-06,75.34508514404297,0.9999987483024597,62,2.3976479929406196
2,2,2,38,0.23456789553165436,19,predictor,True,True,,1.826735918086797e-08,5.960464477539063e-08,97.77484130859375,1.000000238418579,60,2.322993610985577
2,2,2,39,0.2499999850988388,19,corrector,True,True,,5.379442427511094e-06,2.2649765014648438e-06,74.34326171875,0.9999982714653015,60,2.3307155170477927
2,2,2,40,0.2499999850988388,20,predictor,True,True,,5.452277207496081e-08,1.1920928955078125e-07,95.23822784423828,1.0000001192092896,58,2.2425826129037887
2,2,2,41,0.26582276821136475,20,corrector,True,True,,8.35665559861809e-06,3.2186508178710938e-06,73.51738739013672,0.9999973177909851,58,2.239217933965847
2,2,2,42,0.26582276821136475,21,predictor,True,True,,9.142888757196488e-08,5.960464477539063e-08,94.08470153808594,1.0,56,2.1648906047921628
2,2,2,43,0.28205129504203796,21,corrector,True,True,,1.0505070349609014e-05,3.814697265625e-06,73.24124145507812,0.9999959468841553,56,2.1644237469881773
2,2,2,44,0.28205129504203796,22,predictor,True,True,,9.491134278505342e-08,0.0,94.37419128417969,0.9999998807907104,54,2.0877003900241107
2,2,2,45,0.29870128631591797,22,corrector,True,True,,3.916121568181552e-05,6.9141387939453125e-06,68.18876647949219,0.9999813437461853,54,2.083369157044217
2,2,2,46,0.29870128631591797,23,predictor,True,True,,1.0364616542801741e-07,0.0,93.2623291015625,0.9999995231628418,52,2.0302452880423516
2,2,2,47,0.31578946113586426,23,corrector,True,True,,1.6105670511024073e-05,4.649162292480469e-06,71.6934585571289,0.9999939203262329,52,2.0161514030769467
2,2,2,48,0.31578946113586426,24,predictor,True,True,,1.7194349766214145e-07,5.960464477539063e-08,92.11476135253906,0.9999997019767761,50,1.9343702259939164
2,2,2,49,0.3333333432674408,24,corrector,True,True,,1.6241541743511334e-05,5.364418029785156e-06,72.65211486816406,0.9999946355819702,50,1.936107048066333
2,2,2,50,0.3333333432674408,25,predictor,True,True,,2.107224759129167e-07,1.1920928955078125e-07,92.275390625,0.9999997019767761,48,1.8564026970416307
2,2,2,51,0.35135138034820557,25,corrector,True,True,,1.4021499737282284e-05,5.0067901611328125e-06,73.75411987304688,0.9999963641166687,48,1.8615230158902705
2,2,2,52,0.35135138034820557,26,predictor,True,True,,1.4368210088377964e-07,1.1920928955078125e-07,94.4492416381836,1.000000238418579,46,1.7800930470693856
2,2,2,53,0.36986303329467773,26,corrector,True,True,,9.425320968148299e-06,3.814697265625e-06,75.38200378417969,0.9999973773956299,46,1.7859287480823696
2,2,2,54,0.36986303329467773,27,predictor,True,True,,8.29287998271866e-08,1.1920928955078125e-07,96.86351776123047,1.000000238418579,44,1.7023395241703838
2,2,2,55,0.3888888657093048,27,corrector,True,True,,7.463946985808434e-06,3.2186508178710938e-06,76.3101806640625,0.999997615814209,44,1.7014667971525341
2,2,2,56,0.3888888657093048,28,predictor,True,True,,6.427259080510339e-08,5.960464477539063e-08,97.97845458984375,1.0000001192092896,42,1.6257238381076604
2,2,2,57,0.40845075249671936,28,corrector,True,True,,6.715272775181802e-06,2.7418136596679688e-06,76.73204803466797,0.9999980330467224,42,1.623541371198371
2,2,2,58,0.40845075249671936,29,predictor,True,True,,5.7047721213621116e-08,1.1920928955078125e-07,98.52561950683594,0.9999999403953552,40,1.5467223841696978
2,2,2,59,0.4285714626312256,29,corrector,True,True,,6.000745088385884e-06,2.086162567138672e-06,77.06387329101562,0.9999980330467224,40,1.552500549936667
2,2,2,60,0.4285714626312256,30,predictor,True,True,,4.8945342001616154e-08,0.0,99.07356262207031,1.0,38,1.4729938609525561
2,2,2,61,0.4492753744125366,30,corrector,True,True,,5.064142897026613e-06,1.5497207641601562e-06,77.44113159179688,0.9999980926513672,38,1.4724763249978423
2,2,2,62,0.4492753744125366,31,predictor,True,True,,3.7782172057632124e-08,5.960464477539063e-08,99.76948547363281,0.9999998807907104,36,1.3970135869458318
2,2,2,63,0.4705882966518402,31,corrector,True,True,,4.275415449228603e-06,1.1324882507324219e-06,77.75324249267578,0.9999984502792358,36,1.3956195840146393
2,2,2,64,0.4705882966518402,32,predictor,True,True,,2.8208676283725254e-08,5.960464477539063e-08,100.36105346679688,0.9999998807907104,34,1.3173585149925202
2,2,2,65,0.49253737926483154,32,corrector,True,True,,3.991776793554891e-06,1.0728836059570312e-06,77.846923828125,0.9999978542327881,34,1.3186109990347177
2,2,2,66,0.49253737926483154,33,predictor,True,True,,2.4007082544130753e-08,5.960464477539063e-08,100.52539825439453,0.9999998807907104,32,1.2417124689090997
2,2,2,67,0.5151515603065491,33,corrector,True,True,,4.209280632494483e-06,1.0728836059570312e-06,77.71036529541016,0.9999974966049194,32,1.2390705049037933
2,2,2,68,0.5151515603065491,34,predictor,True,True,,2.5206830400748004e-08,-1.1920928955078125e-07,100.21562194824219,0.9999999403953552,30,1.162949665915221
2,2,2,69,0.5384615659713745,34,corrector,True,True,,4.7926419028954115e-06,1.1324882507324219e-06,77.41210174560547,0.9999969005584717,30,1.1640425638761371
2,2,2,70,0.5384615659713745,35,predictor,True,True,,3.079424004681641e-08,0.0,99.56925964355469,1.000000238418579,28,1.1040670201182365
2,2,2,71,0.5625000596046448,35,corrector,True,True,,5.647984380630078e-06,1.5497207641601562e-06,77.01571655273438,0.9999966621398926,28,1.0887381699867547
2,2,2,72,0.5625000596046448,36,predictor,True,True,,4.03119528868956e-08,0.0,98.73333740234375,1.0,26,1.0100281690247357
2,2,2,73,0.5873016119003296,36,corrector,True,True,,6.739640411979053e-06,2.0265579223632812e-06,76.56021881103516,0.9999963045120239,26,1.0098245290573686
2,2,2,74,0.5873016119003296,37,predictor,True,True,,5.4399674098704054e-08,5.960464477539063e-08,97.78170776367188,1.0,24,0.9343344259541482
2,2,2,75,0.6129032373428345,37,corrector,True,True,,8.083013199211564e-06,2.7418136596679688e-06,76.0624771118164,0.9999958872795105,24,0.932617801008746
2,2,2,76,0.6129032373428345,38,predictor,True,True,,7.462794116008808e-08,0.0,96.74256896972656,1.0,22,0.8642594839911908
2,2,2,77,0.6393442749977112,38,corrector,True,True,,9.729517842060886e-06,3.5762786865234375e-06,75.53300476074219,0.9999951720237732,22,0.8584653199650347
2,2,2,78,0.6393442749977112,39,predictor,True,True,,1.0388936289018602e-07,0.0,95.63386535644531,0.9999998807907104,20,0.7801324320025742
2,2,2,79,0.6666666269302368,39,corrector,True,True,,1.1736556189134717e-05,4.649162292480469e-06,74.9886474609375,0.9999944567680359,20,0.7797497930005193
2,2,2,80,0.6666666269302368,40,predictor,True,True,,1.4547788396157557e-07,1.1920928955078125e-07,94.49787139892578,0.9999998807907104,18,0.7232867861166596
2,2,2,81,0.6949153542518616,40,corrector,True,True,,1.4175187061482575e-05,6.079673767089844e-06,74.45187377929688,0.999993085861206,18,0.7026304830797017
2,2,2,82,0.6949153542518616,41,predictor,True,True,,2.0143957613072416e-07,1.1920928955078125e-07,93.42644500732422,0.9999998807907104,16,0.6358602331019938
2,2,2,83,0.7241379618644714,41,corrector,True,True,,1.722930210235063e-05,8.106231689453125e-06,73.9272689819336,0.9999918937683105,16,0.6259434330277145
2,2,2,84,0.7241379618644714,42,predictor,True,True,,2.757846573331335e-07,1.7881393432617188e-07,92.43164825439453,0.9999995231628418,14,0.5505116661079228
2,2,2,85,0.7543860077857971,42,corrector,True,True,,2.1607675080304034e-05,1.0967254638671875e-05,73.34198760986328,0.9999904036521912,14,0.5669973779004067
2,2,2,86,0.7543860077857971,43,predictor,True,True,,3.9677539120930305e-07,2.384185791015625e-07,91.27404022216797,0.9999999403953552,12,0.4733978200238198
2,2,2,87,0.7857142686843872,43,corrector,True,True,,2.8739947083522566e-05,1.5437602996826172e-05,72.59971618652344,0.999987781047821,12,0.4732654709368944
2,2,2,88,0.7857142686843872,44,predictor,True,True,,6.35790627256938e-07,3.5762786865234375e-07,89.72869110107422,0.9999998807907104,10,0.39591973810456693
2,2,2,89,0.8181819319725037,44,corrector,True,True,,3.9921069401316345e-05,2.2470951080322266e-05,71.70352172851562,0.9999842643737793,10,0.3971951729618013
2,2,2,90,0.8181819319725037,45,predictor,True,True,,1.119441662922327e-06,7.152557373046875e-07,87.81707000732422,0.9999992251396179,8,0.31968763610348105
2,2,2,91,0.8518519401550293,45,corrector,True,True,,5.566823165281676e-05,3.141164779663086e-05,70.68624877929688,0.9999799728393555,8,0.36689288914203644
2,2,2,92,0.8518519401550293,46,predictor,True,True,,2.1097557691973634e-06,1.3709068298339844e-06,85.55118560791016,0.9999994039535522,6,0.24344854592345655
2,2,2,93,0.8867924809455872,46,corrector,True,True,,7.81162380008027e-05,3.910064697265625e-05,69.36246490478516,0.9999735355377197,6,0.2585754890460521
2,2,2,94,0.8867924809455872,47,predictor,True,True,,4.392529717733851e-06,2.4437904357910156e-06,82.60540771484375,0.9999982714653015,4,0.16737466119229794
2,2,2,95,0.9230769872665405,47,corrector,True,True,,0.00011057244410039857,4.4405460357666016e-05,66.83183288574219,0.9999600648880005,4,0.16596897202543914
2,2,2,96,0.9230769872665405,48,predictor,True,True,,1.056837118085241e-05,4.649162292480469e-06,77.78948211669922,0.9999968409538269,2,0.08960661315359175
2,2,2,97,0.960784375667572,48,corrector,True,True,,0.0001691577344899997,5.3048133850097656e-05,61.42222595214844,0.9998893141746521,2,0.09003810700960457
2,2,2,98,0.960784375667572,49,predictor,True,True,,0.0002111401699949056,4.124641418457031e-05,61.118186950683594,0.9999284148216248,0,0.01366713596507907
3,3,3,0,0.0,0,predictor,True,False,no_previous_cache,,,,,0,
3,3,3,1,0.010101010091602802,0,corrector,True,True,,0.0032362211495637894,0.0029990673065185547,38.176666259765625,0.9991695880889893,98,3.8068514850456268
3,3,3,2,0.010101010091602802,1,predictor,True,True,,0.0001701561559457332,6.598234176635742e-05,51.559783935546875,0.9999646544456482,96,3.6960014500655234
3,3,3,3,0.020408162847161293,1,corrector,True,True,,0.001397305866703391,0.005159258842468262,44.79800796508789,0.9996895790100098,96,3.6950365309603512
3,3,3,4,0.020408162847161293,2,predictor,True,True,,2.484106516931206e-05,6.139278411865234e-06,60.63818359375,0.9999968409538269,94,3.6577288049738854
3,3,3,5,0.030927835032343864,2,corrector,True,True,,0.0007805651985108852,0.0001774430274963379,50.63452911376953,0.9999126195907593,94,3.620995664037764
3,3,3,6,0.030927835032343864,3,predictor,True,True,,9.40644895308651e-06,1.430511474609375e-06,67.71870422363281,1.0,92,3.58678395091556
3,3,3,7,0.0416666641831398,3,corrector,True,True,,0.00023898977087810636,3.081560134887695e-05,57.699180603027344,0.9999645948410034,92,3.54437606385909
3,3,3,8,0.0416666641831398,4,predictor,True,True,,2.4668267997185467e-06,3.5762786865234375e-07,75.72638702392578,0.9999998807907104,90,3.465708911884576
3,3,3,9,0.052631575614213943,4,corrector,True,True,,9.285913256462663e-05,1.3470649719238281e-05,65.27024841308594,0.9999841451644897,90,3.466517566004768
3,3,3,10,0.052631575614213943,5,predictor,True,True,,9.520815638097702e-07,5.960464477539063e-08,85.03719329833984,1.0000007152557373,88,3.3882732409983873
3,3,3,11,0.06382978707551956,5,corrector,True,True,,8.405100379604846e-05,1.0967254638671875e-05,68.20547485351562,0.9999871253967285,88,3.3890052819624543
3,3,3,12,0.06382978707551956,6,predictor,True,True,,1.5417469967360375e-06,2.384185791015625e-07,86.63821411132812,1.000000238418579,86,3.311747455969453
3,3,3,13,0.07526881992816925,6,corrector,True,True,,0.0001403457863489166,1.609325408935547e-05,67.41583251953125,0.9999818801879883,86,3.3148781100753695
3,3,3,14,0.07526881992816925,7,predictor,True,True,,3.1652766665501986e-06,3.5762786865234375e-07,84.24407196044922,1.0000004768371582,84,3.237297123996541
3,3,3,15,0.08695651590824127,7,corrector,True,True,,0.00025237095542252064,2.6881694793701172e-05,65.47796630859375,0.9999699592590332,84,3.239211827982217
3,3,3,16,0.08695651590824127,8,predictor,True,True,,4.125593477510847e-06,5.364418029785156e-07,83.09268188476562,0.9999998807907104,82,3.213478770107031
3,3,3,17,0.09890110045671463,8,corrector,True,True,,0.00020307810336817056,2.2530555725097656e-05,66.01563262939453,0.9999743700027466,82,3.185368714854121
3,3,3,18,0.09890110045671463,9,predictor,True,True,,1.9995979982923018e-06,2.384185791015625e-07,85.88104248046875,1.0000011920928955,80,3.109574791043997
3,3,3,19,0.1111111044883728,9,corrector,True,True,,9.427768236491829e-05,1.1622905731201172e-05,68.37628936767578,0.9999854564666748,80,3.0855525019578636
3,3,3,20,0.1111111044883728,10,predictor,True,True,,8.114912475321034e-07,1.1920928955078125e-07,89.377197265625,1.0000003576278687,78,3.0063456299249083
3,3,3,21,0.12359550595283508,10,corrector,True,True,,3.618350820033811e-05,4.887580871582031e-06,71.43666076660156,0.9999935626983643,78,3.0065301700960845
3,3,3,22,0.12359550595283508,11,predictor,True,True,,3.133014274681045e-07,0.0,93.12063598632812,1.000000238418579,76,2.946421497967094
3,3,3,23,0.13636364042758942,11,corrector,True,True,,1.0358869985793717e-05,1.7285346984863281e-06,75.10934448242188,0.9999979734420776,76,2.930463003925979
3,3,3,24,0.13636364042758942,12,predictor,True,True,,9.022474500852695e-08,0.0,97.83558654785156,1.000000238418579,74,2.8548774481751025
3,3,3,25,0.14942528307437897,12,corrector,True,True,,4.048923074151389e-06,8.940696716308594e-07,77.76961517333984,0.9999998807907104,74,2.8574884179979563
3,3,3,26,0.14942528307437897,13,predictor,True,True,,2.4078691041040656e-08,0.0,102.02627563476562,1.0000003576278687,72,2.778421417111531
3,3,3,27,0.1627907007932663,13,corrector,True,True,,2.676296844583703e-06,7.152557373046875e-07,79.24884796142578,1.000000238418579,72,2.7773353499360383
3,3,3,28,0.1627907007932663,14,predictor,True,True,,1.137319216582e-08,0.0,103.92996215820312,1.0000004768371582,70,2.700210108887404
3,3,3,29,0.1764705777168274,14,corrector,True,True,,2.9729380912613124e-06,5.364418029785156e-07,79.6630630493164,1.0000003576278687,70,2.698853214038536
3,3,3,30,0.1764705777168274,15,predictor,True,True,,2.5726484054189314e-08,5.960464477539063e-08,102.04268646240234,1.0000004768371582,68,2.623783858027309
3,3,3,31,0.1904761791229248,15,corrector,True,True,,1.2752341717714444e-05,1.7285346984863281e-06,76.54730987548828,0.9999992251396179,68,2.6240169499069452
3,3,3,32,0.1904761791229248,16,predictor,True,True,,2.424007448098564e-07,5.960464477539063e-08,94.82806396484375,1.0000007152557373,66,2.5484052470419556
3,3,3,33,0.20481927692890167,16,corrector,True,True,,4.6363871661014855e-05,5.543231964111328e-06,72.66365814208984,0.9999933242797852,66,2.5474461761768907
3,3,3,34,0.20481927692890167,17,predictor,True,True,,1.3231368711785763e-06,1.7881393432617188e-07,88.86264038085938,0.9999998807907104,64,2.470135173993185
3,3,3,35,0.2195121943950653,17,corrector,True,True,,6.651987496297807e-05,6.973743438720703e-06,71.76860046386719,0.9999923706054688,64,2.469023630954325
3,3,3,36,0.2195121943950653,18,predictor,True,True,,1.4550751075148582e-06,1.1920928955078125e-07,88.6189193725586,1.0,62,2.4068638819735497
3,3,3,37,0.23456789553165436,18,corrector,True,True,,3.997462772531435e-05,4.708766937255859e-06,73.24571990966797,0.9999944567680359,62,2.3943503820337355
3,3,3,38,0.23456789553165436,19,predictor,True,True,,3.60682264499701e-07,5.960464477539063e-08,94.47128295898438,1.0000003576278687,60,2.3165840089786798
3,3,3,39,0.2499999850988388,19,corrector,True,True,,1.5201824680843856e-05,1.8477439880371094e-06,77.44450378417969,0.9999983310699463,60,2.3336447100155056
3,3,3,40,0.2499999850988388,20,predictor,True,True,,9.730203487379185e-08,5.960464477539063e-08,100.36412048339844,1.000000238418579,58,2.2383924059104174
3,3,3,41,0.26582276821136475,20,corrector,True,True,,1.1691047802742105e-05,1.3113021850585938e-06,79.21479797363281,0.9999992251396179,58,2.274594326969236
3,3,3,42,0.26582276821136475,21,predictor,True,True,,8.390177441697233e-08,0.0,101.40470886230469,0.9999997615814209,56,2.1638448438607156
3,3,3,43,0.28205129504203796,21,corrector,True,True,,1.0381803804193623e-05,1.1920928955078125e-06,80.15866088867188,0.9999991655349731,56,2.1610264321789145
3,3,3,44,0.28205129504203796,22,predictor,True,True,,7.147092162540503e-08,-1.1920928955078125e-07,102.24678802490234,1.0,54,2.0857618669979274
3,3,3,45,0.29870128631591797,22,corrector,True,True,,2.218310874013696e-05,3.5762786865234375e-06,74.82000732421875,0.9999958872795105,54,2.0930463350377977
3,3,3,46,0.29870128631591797,23,predictor,True,True,,2.312656555147896e-08,0.0,102.84107208251953,1.0,52,2.007288647117093
3,3,3,47,0.31578946113586426,23,corrector,True,True,,2.008424644373008e-06,4.76837158203125e-07,82.44007873535156,1.000000238418579,52,2.007789141032845
3,3,3,48,0.31578946113586426,24,predictor,True,True,,2.422131828438978e-08,0.0,105.26516723632812,1.0000004768371582,50,1.9307480838615447
3,3,3,49,0.3333333432674408,24,corrector,True,True,,4.3321861085132696e-06,7.152557373046875e-07,82.90233612060547,0.9999995231628418,50,1.9301590309478343
3,3,3,50,0.3333333432674408,25,predictor,True,True,,4.84635620523477e-08,0.0,103.81732940673828,1.0000004768371582,48,1.8546249559149146
3,3,3,51,0.35135138034820557,25,corrector,True,True,,5.553753453568788e-06,1.0132789611816406e-06,82.45585632324219,0.9999992251396179,48,1.855048137018457
3,3,3,52,0.35135138034820557,26,predictor,True,True,,6.522444095935498e-08,-1.1920928955078125e-07,102.74703979492188,1.0000003576278687,46,1.7787662199698389
3,3,3,53,0.36986303329467773,26,corrector,True,True,,5.96933296037605e-06,1.0728836059570312e-06,82.29374694824219,0.9999994039535522,46,1.7783200789708644
3,3,3,54,0.36986303329467773,27,predictor,True,True,,7.386009315268893e-08,5.960464477539063e-08,102.234375,1.0000003576278687,44,1.7016642119269818
3,3,3,55,0.3888888657093048,27,corrector,True,True,,4.576324045046931e-06,1.0132789611816406e-06,83.09573364257812,0.9999997615814209,44,1.7009133570827544
3,3,3,56,0.3888888657093048,28,predictor,True,True,,5.252950074918772e-08,0.0,103.47518920898438,1.0000003576278687,42,1.6241044399794191
3,3,3,57,0.40845075249671936,28,corrector,True,True,,2.042351752606919e-06,8.344650268554688e-07,85.19485473632812,0.9999995231628418,42,1.6225113519467413
3,3,3,58,0.40845075249671936,29,predictor,True,True,,1.7184586198482066e-08,0.0,107.30277252197266,1.0000003576278687,40,1.5472986500244588
3,3,3,59,0.4285714626312256,29,corrector,True,True,,8.77254308306874e-07,7.152557373046875e-07,86.99695587158203,1.000000238418579,40,1.5486335309688002
3,3,3,60,0.4285714626312256,30,predictor,True,True,,3.6674061565378224e-09,0.0,111.35624694824219,0.9999998807907104,38,1.471086970064789
3,3,3,61,0.4492753744125366,30,corrector,True,True,,1.0491698958503548e-06,5.364418029785156e-07,87.03276062011719,1.000000238418579,38,1.471803082851693
3,3,3,62,0.4492753744125366,31,predictor,True,True,,3.8080689712671756e-09,0.0,111.48265075683594,1.0000004768371582,36,1.3943815140519291
3,3,3,63,0.4705882966518402,31,corrector,True,True,,1.2922677115057013e-06,4.172325134277344e-07,86.6146240234375,0.9999995231628418,36,1.3926347489468753
3,3,3,64,0.4705882966518402,32,predictor,True,True,,6.270083119375158e-09,0.0,110.07720947265625,1.0000004768371582,34,1.3180872469674796
3,3,3,65,0.49253737926483154,32,corrector,True,True,,1.485216216678964e-06,4.76837158203125e-07,86.14009094238281,1.0,34,1.316776234889403
3,3,3,66,0.49253737926483154,33,predictor,True,True,,9.154201840999576e-09,0.0,108.68696594238281,1.0000004768371582,32,1.239597877021879
3,3,3,67,0.5151515603065491,33,corrector,True,True,,1.7259606011066353e-06,3.5762786865234375e-07,85.63569641113281,1.0000001192092896,32,1.2400278560817242
3,3,3,68,0.5151515603065491,34,predictor,True,True,,1.2394203885435218e-08,0.0,107.5016860961914,1.0000003576278687,30,1.163939628051594
3,3,3,69,0.5384615659713745,34,corrector,True,True,,2.1208211364864837e-06,4.76837158203125e-07,84.98721313476562,1.0000007152557373,30,1.1648564538918436
3,3,3,70,0.5384615659713745,35,predictor,True,True,,1.7326406975826103e-08,0.0,106.2628173828125,1.000000238418579,28,1.0865568609442562
3,3,3,71,0.5625000596046448,35,corrector,True,True,,2.6910167889582226e-06,4.76837158203125e-07,84.21380615234375,0.9999998807907104,28,1.0871044439263642
3,3,3,72,0.5625000596046448,36,predictor,True,True,,2.5401330816521295e-08,5.960464477539063e-08,104.90321350097656,1.000000238418579,26,1.0119943129830062
3,3,3,73,0.5873016119003296,36,corrector,True,True,,3.264102360844845e-06,4.172325134277344e-07,83.62001037597656,0.9999990463256836,26,1.0101378918625414
3,3,3,74,0.5873016119003296,37,predictor,True,True,,3.2697769825063006e-08,5.960464477539063e-08,104.12393188476562,1.0000004768371582,24,0.9321399719920009
3,3,3,75,0.6129032373428345,37,corrector,True,True,,3.5701925753528485e-06,4.172325134277344e-07,83.44795989990234,0.9999992251396179,24,0.9342115691397339
3,3,3,76,0.6129032373428345,38,predictor,True,True,,3.2541919381401385e-08,-1.1920928955078125e-07,104.39494323730469,1.0000007152557373,22,0.8557990961708128
3,3,3,77,0.6393442749977112,38,corrector,True,True,,3.7837210129509913e-06,4.76837158203125e-07,83.39203643798828,0.9999994039535522,22,0.8563330450560898
3,3,3,78,0.6393442749977112,39,predictor,True,True,,3.287932059947707e-08,5.960464477539063e-08,104.54473876953125,1.0000004768371582,20,0.7810972831211984
3,3,3,79,0.6666666269302368,39,corrector,True,True,,4.412564067024505e-06,5.960464477539062e-07,82.92935180664062,0.9999987483024597,20,0.7802160300780088
3,3,3,80,0.6666666269302368,40,predictor,True,True,,4.213467619251787e-08,0.0,103.59259796142578,1.0000003576278687,18,0.7041938360780478
3,3,3,81,0.6949153542518616,40,corrector,True,True,,5.765746664110338e-06,8.344650268554688e-07,81.99309539794922,0.9999992251396179,18,0.7021615491248667
3,3,3,82,0.6949153542518616,41,predictor,True,True,,6.484832226760773e-08,0.0,101.78185272216797,1.000000238418579,16,0.6248755420092493
3,3,3,83,0.7241379618644714,41,corrector,True,True,,8.319220796693116e-06,1.430511474609375e-06,80.72516632080078,0.9999990463256836,16,0.62734314519912
3,3,3,84,0.7241379618644714,42,predictor,True,True,,1.1386484288777865e-07,1.1920928955078125e-07,99.45225524902344,0.9999999403953552,14,0.5498498980887234
3,3,3,85,0.7543860077857971,42,corrector,True,True,,1.3389395462581888e-05,2.384185791015625e-06,79.11502075195312,0.9999980330467224,14,0.5505725529510528
3,3,3,86,0.7543860077857971,43,predictor,True,True,,2.3148486150148528e-07,5.960464477539063e-08,96.65571594238281,1.000000238418579,12,0.47225006902590394
3,3,3,87,0.7857142686843872,43,corrector,True,True,,2.3553579012514092e-05,5.125999450683594e-06,77.23207092285156,0.999995231628418,12,0.47209621290676296
3,3,3,88,0.7857142686843872,44,predictor,True,True,,5.367092512642557e-07,0.0,93.66667175292969,1.000000238418579,10,0.39768955088220537
3,3,3,89,0.8181819319725037,44,corrector,True,True,,4.051902942592278e-05,1.0848045349121094e-05,75.50967407226562,0.9999911189079285,10,0.3970609549432993
3,3,3,90,0.8181819319725037,45,predictor,True,True,,1.4157803889247589e-06,3.5762786865234375e-07,90.64498901367188,0.9999997019767761,8,0.32123115891590714
3,3,3,91,0.8518519401550293,45,corrector,True,True,,6.0744765505660325e-05,1.7881393432617188e-05,73.99291229248047,0.9999850988388062,8,0.32065701112151146
3,3,3,92,0.8518519401550293,46,predictor,True,True,,3.3046128464775393e-06,1.0728836059570312e-06,87.67101287841797,0.9999999403953552,6,0.2435544680338353
3,3,3,93,0.8867924809455872,46,corrector,True,True,,0.00010356100392527878,2.1457672119140625e-05,72.08889770507812,0.9999712705612183,6,0.2436936090234667
3,3,3,94,0.8867924809455872,47,predictor,True,True,,4.41276188212214e-06,1.430511474609375e-06,86.20460510253906,0.9999989867210388,4,0.1661038240417838
3,3,3,95,0.9230769872665405,47,corrector,True,True,,0.0004639689577743411,4.1365623474121094e-05,65.76477813720703,0.9998283386230469,4,0.16746768006123602
3,3,3,96,0.9230769872665405,48,predictor,True,True,,4.6328510507009923e-05,5.602836608886719e-06,76.52564239501953,0.9999868273735046,2,0.09031386394053698
3,3,3,97,0.960784375667572,48,corrector,True,True,,0.0008758220355957747,6.896257400512695e-05,61.78562545776367,0.9996098875999451,2,0.09066913207061589
3,3,3,98,0.960784375667572,49,predictor,True,True,,0.0010302907321602106,7.18832015991211e-05,61.74152374267578,0.9996911287307739,0,0.013954898109659553
